{"cameraMode":{"drawMode":0,"name":"Shaded","section":"Shading Mode"},"sceneLighting":true,"audioPlay":false,"sceneViewState":{"showFog":true,"showMaterialUpdate":false,"showSkybox":true,"showFlares":true,"showImageEffects":true,"showParticleSystems":true},"in2DMode":false,"pivot":{"x":78.92623901367188,"y":-9.314777374267579,"z":15.21551513671875},"rotation":{"x":0.24947969615459443,"y":0.0739939957857132,"z":-0.019121762365102769,"w":0.9653602242469788},"size":94.94793701171875,"orthographic":false}