{"cameraMode":{"drawMode":0,"name":"Shaded","section":"Shading Mode"},"sceneLighting":true,"audioPlay":false,"sceneViewState":{"showFog":true,"showMaterialUpdate":false,"showSkybox":true,"showFlares":true,"showImageEffects":true,"showParticleSystems":true},"in2DMode":false,"pivot":{"x":-114.08999633789063,"y":2.240000009536743,"z":1.4299999475479127},"rotation":{"x":0.17480425536632539,"y":0.2452455759048462,"z":-0.04500732570886612,"w":0.9525092840194702},"size":30.170530319213868,"orthographic":false}