{"cameraMode":{"drawMode":0,"name":"Shaded","section":"Shading Mode"},"sceneLighting":true,"audioPlay":false,"sceneViewState":{"showFog":true,"showMaterialUpdate":false,"showSkybox":true,"showFlares":true,"showImageEffects":true,"showParticleSystems":true},"in2DMode":false,"pivot":{"x":337.66424560546877,"y":387.8255615234375,"z":86.77314758300781},"rotation":{"x":0.11970148980617523,"y":0.013402226381003857,"z":-0.0016159649239853025,"w":0.992719292640686},"size":982.4193115234375,"orthographic":false}