{"cameraMode":{"drawMode":0,"name":"Shaded","section":"Shading Mode"},"sceneLighting":true,"audioPlay":false,"sceneViewState":{"showFog":true,"showMaterialUpdate":false,"showSkybox":true,"showFlares":true,"showImageEffects":true,"showParticleSystems":true},"in2DMode":false,"pivot":{"x":11.433565139770508,"y":8.754802703857422,"z":-45.5455322265625},"rotation":{"x":0.001652594655752182,"y":0.997340202331543,"z":-0.06892606616020203,"w":0.02394077740609646},"size":28.447011947631837,"orthographic":false}