{"cameraMode":{"drawMode":0,"name":"Shaded","section":"Shading Mode"},"sceneLighting":false,"audioPlay":false,"sceneViewState":{"showFog":true,"showMaterialUpdate":false,"showSkybox":false,"showFlares":true,"showImageEffects":true,"showParticleSystems":true},"in2DMode":false,"pivot":{"x":-6.583595275878906,"y":0.2747863829135895,"z":4.819457054138184},"rotation":{"x":0.17639517784118653,"y":0.4205045998096466,"z":-0.08369283378124237,"w":0.8860626220703125},"size":12.342080116271973,"orthographic":false}