{"cameraMode":{"drawMode":0,"name":"Shaded","section":"Shading Mode"},"sceneLighting":true,"audioPlay":false,"sceneViewState":{"showFog":true,"showMaterialUpdate":false,"showSkybox":true,"showFlares":true,"showImageEffects":true,"showParticleSystems":true},"in2DMode":false,"pivot":{"x":-106.29129028320313,"y":-13.31313705444336,"z":-29.54300308227539},"rotation":{"x":-0.10343848168849945,"y":-0.8834696412086487,"z":0.23218609392642976,"w":-0.39358243346214297},"size":35.83970260620117,"orthographic":false}