{"cameraMode":{"drawMode":0,"name":"Shaded","section":"Shading Mode"},"sceneLighting":false,"audioPlay":false,"sceneViewState":{"showFog":true,"showMaterialUpdate":false,"showSkybox":false,"showFlares":true,"showImageEffects":true,"showParticleSystems":true},"in2DMode":false,"pivot":{"x":140.6999969482422,"y":12.800000190734864,"z":-46.5},"rotation":{"x":0.006981926970183849,"y":0.9911509156227112,"z":-0.058048516511917117,"w":0.11920563876628876},"size":3.777021646499634,"orthographic":false}