{"cameraMode":{"drawMode":0,"name":"Shaded","section":"Shading Mode"},"sceneLighting":false,"audioPlay":false,"sceneViewState":{"showFog":true,"showMaterialUpdate":false,"showSkybox":false,"showFlares":true,"showImageEffects":true,"showParticleSystems":true},"in2DMode":false,"pivot":{"x":57.71441650390625,"y":21.18988037109375,"z":153.16659545898438},"rotation":{"x":-0.16610805690288545,"y":0.1813950389623642,"z":-0.03110220469534397,"w":-0.9687806367874146},"size":373.70477294921877,"orthographic":false}