{"cameraMode":{"drawMode":0,"name":"Shaded","section":"Shading Mode"},"sceneLighting":true,"audioPlay":false,"sceneViewState":{"showFog":true,"showMaterialUpdate":false,"showSkybox":true,"showFlares":true,"showImageEffects":true,"showParticleSystems":true},"in2DMode":false,"pivot":{"x":-2.4045658111572267,"y":5.471584320068359,"z":-72.0858154296875},"rotation":{"x":0.0013202462578192354,"y":0.9984261989593506,"z":-0.04946250468492508,"w":0.0266596507281065},"size":25.55673599243164,"orthographic":false}