{"cameraMode":{"drawMode":0,"name":"Shaded","section":"Shading Mode"},"sceneLighting":true,"audioPlay":false,"sceneViewState":{"showFog":true,"showMaterialUpdate":false,"showSkybox":true,"showFlares":true,"showImageEffects":true,"showParticleSystems":true},"in2DMode":false,"pivot":{"x":-6.731015682220459,"y":6.158194065093994,"z":-69.05673217773438},"rotation":{"x":-0.18587899208068849,"y":0.4959772825241089,"z":-0.10960910469293595,"w":-0.8410974144935608},"size":7.978630542755127,"orthographic":false}